dataset_name,avg_cer,avg_precision,avg_recall,avg_f1
qwen2.5-7b-instruct,0.293166,0.742665,0.706834,0.760337
qwen3-8b,0.170618,0.849017,0.829382,0.850478
qwen3.5-plus,0.166046,0.839108,0.833954,0.834763
bart_epoch=1,0.070398,0.933252,0.929602,0.931032
