dataset_name,avg_cer,avg_precision,avg_recall,avg_f1
qwen2.5-7b-instruct,0.293166,0.742665,0.706834,0.760337
qwen3-8b,0.170618,0.849017,0.829382,0.850478
qwen3-max,0.179424,0.816344,0.820576,0.825507
qwen3.5-plus,0.166046,0.839108,0.833954,0.834763
bart_epoch=1,0.069800,0.932849,0.930200,0.931162
qwen2.5-1.5B-sft,0.068314,0.933762,0.931686,0.932359
bart_epoch=3,0.065056,0.937860,0.934944,0.936057
